Product Name,Price,Image URL,Product Page,Brand,Category,Date Scraped
Johnny Collar Polo Shirt,2490.00,https://cdn.shopify.com/s/files/1/2290/7887/files/F1239106619._5.jpg?v=1750781489,https://www.outfitters.com.pk/products/f1239-106,Outfitters,Shirts,7/30/2025
All Over Printed Top,2490.00,https://cdn.shopify.com/s/files/1/2290/7887/files/F0257403998_3_copy-Copy.jpg?v=1753854961,https://www.outfitters.com.pk/products/f0257-403,Outfitters,Shirts,7/30/2025
Cropped Denim Top,2490.00,https://cdn.shopify.com/s/files/1/2290/7887/files/F0250403606_2_copy.jpg?v=1753854251,https://www.outfitters.com.pk/products/f0250-403,Outfitters,Shirts,7/30/2025
Striped T-shirt,1690.00,https://cdn.shopify.com/s/files/1/2290/7887/files/F1155106619_2.jpg?v=1750240531,https://www.outfitters.com.pk/products/f1155-106,Outfitters,Shirts,7/30/2025
Super Cropped Ringer T-shirt,990.00,https://cdn.shopify.com/s/files/1/2290/7887/files/F0712206006_3_b9441aa3-0918-481a-80a5-7e1d6597ca2a.jpg?v=1752667675,https://www.outfitters.com.pk/products/f0712-206,Outfitters,Shirts,7/30/2025
Striped Batwing T-shirt,1690.00,https://cdn.shopify.com/s/files/1/2290/7887/files/F0826206999_3.jpg?v=1750781216,https://www.outfitters.com.pk/products/f0826-206,Outfitters,Shirts,7/30/2025
Slogan Printed T-shirt,1390.00,https://cdn.shopify.com/s/files/1/2290/7887/files/F1180106813_3_1ad41f79-4b7d-4867-bc93-bde72fca1d96.jpg?v=1750781551,https://www.outfitters.com.pk/products/f1180-106,Outfitters,Shirts,7/30/2025
Slogan Graphic T-shirt,1190.00,https://cdn.shopify.com/s/files/1/2290/7887/files/F0772206629_4_c0ce8e81-2239-45fc-9adc-a0c06dc6bed8.jpg?v=1750781562,https://www.outfitters.com.pk/products/f0772-206,Outfitters,Shirts,7/30/2025
Relaxed Fit Character Graphic T-Shirt,1290.00,https://cdn.shopify.com/s/files/1/2290/7887/files/F0651606326_2.jpg?v=1750240329,https://www.outfitters.com.pk/products/f0651-606,Outfitters,Shirts,7/30/2025
Quarter Zipper Seersucker Polo Shirt,3090.00,https://cdn.shopify.com/s/files/1/2290/7887/files/F1236106904_4_abc1043f-8d6d-4d7f-ad73-ee9080be0cb6.jpg?v=1750239850,https://www.outfitters.com.pk/products/f1236-106,Outfitters,Shirts,7/30/2025
Mock Neck T-shirt,890.00,https://cdn.shopify.com/s/files/1/2290/7887/files/F0311203630_2.jpg?v=1747143684,https://www.outfitters.com.pk/products/f0311-203,Outfitters,Shirts,7/30/2025
Graphic T-shirt,1390.00,https://cdn.shopify.com/s/files/1/2290/7887/files/F1173106007_3_ad5fbe73-a973-4779-86e9-47136509e427.jpg?v=1750781556,https://www.outfitters.com.pk/products/f1173-106,Outfitters,Shirts,7/30/2025
Embroidered T-SHIRT,690.00,https://cdn.shopify.com/s/files/1/2290/7887/files/F0479406130_4.jpg?v=1735299400,https://www.outfitters.com.pk/products/f0479-406,Outfitters,Shirts,7/30/2025
Cropped Striped T-Shirt,1290.00,https://cdn.shopify.com/s/files/1/2290/7887/files/F0601606001_2.jpg?v=1750240663,https://www.outfitters.com.pk/products/f0601-606,Outfitters,Shirts,7/30/2025
Cropped Striped T-shirt,790.00,https://cdn.shopify.com/s/files/1/2290/7887/files/F0781206001.jpg?v=1750781408,https://www.outfitters.com.pk/products/f0781-206,Outfitters,Shirts,7/30/2025
Cropped Graphic T-Shirt,1290.00,https://cdn.shopify.com/s/files/1/2290/7887/files/F0626606130_2.jpg?v=1750240653,https://www.outfitters.com.pk/products/f0626-606,Outfitters,Shirts,7/30/2025
Cropped Graphic T-Shirt,1290.00,https://cdn.shopify.com/s/files/1/2290/7887/files/F0639606901_4.jpg?v=1750241092,https://www.outfitters.com.pk/products/f0639-606,Outfitters,Shirts,7/30/2025
Cropped Embellished T-Shirt,1290.00,https://cdn.shopify.com/s/files/1/2290/7887/files/F0613606427_2.jpg?v=1750241126,https://www.outfitters.com.pk/products/f0613-606,Outfitters,Shirts,7/30/2025
Contrast Collar Polo Shirt,2490.00,https://cdn.shopify.com/s/files/1/2290/7887/files/F1238106116_1.jpg?v=1750781491,https://www.outfitters.com.pk/products/f1238-106,Outfitters,Shirts,7/30/2025
Character Graphic Cropped T-Shirt,1490.00,https://cdn.shopify.com/s/files/1/2290/7887/files/F0632606901_2.jpg?v=1750239996,https://www.outfitters.com.pk/products/f0632-606,Outfitters,Shirts,7/30/2025
Boxy Super Cropped Shirt,1590.00,https://cdn.shopify.com/s/files/1/2290/7887/files/F0501203901_4c16dbb7-72c4-43e8-9f0e-56aab957a289.jpg?v=1734425950,https://www.outfitters.com.pk/products/f0501-203,Outfitters,Shirts,7/30/2025
Basic Textured Polo Shirt,2490.00,https://cdn.shopify.com/s/files/1/2290/7887/files/F1265106901_4_adbae13e-ee53-46fe-a4b6-6ea90440e417.jpg?v=1750781248,https://www.outfitters.com.pk/products/f1265-106,Outfitters,Shirts,7/30/2025
Basic Shirt,1790.00,https://cdn.shopify.com/s/files/1/2290/7887/files/F0677203122_3_3fe2bcaa-fad9-41a6-88ea-befef066d047.jpg?v=1750781239,https://www.outfitters.com.pk/products/f0677-203,Outfitters,Shirts,7/30/2025
Basic Collar Shirt,2090.00,https://cdn.shopify.com/s/files/1/2290/7887/files/F0598103128_2.jpg?v=1717735405,https://www.outfitters.com.pk/products/f0598-103,Outfitters,Shirts,7/30/2025
Basic Fitted T-Shirt,790.00,https://cdn.shopify.com/s/files/1/2290/7887/files/F0713206319.jpg?v=1750781467,https://www.outfitters.com.pk/products/f0713-206,Outfitters,Shirts,7/30/2025
All-Over Bow Tie Printed T-Shirt,1290.00,https://cdn.shopify.com/s/files/1/2290/7887/files/F0615606511_2.jpg?v=1750240139,https://www.outfitters.com.pk/products/f0615-606,Outfitters,Shirts,7/30/2025
Activewear T-shirt,1090.00,https://cdn.shopify.com/s/files/1/2290/7887/files/F0146125618_2_51e130f2-60d8-49df-bd16-86983c21c1d5.jpg?v=1750781278,https://www.outfitters.com.pk/products/f0146-125,Outfitters,Shirts,7/30/2025
All-Over Character Print T-Shirt,1290.00,https://cdn.shopify.com/s/files/1/2290/7887/files/F0860506998_2.jpg?v=1750240298,https://www.outfitters.com.pk/products/f0860-506,Outfitters,Shirts,7/30/2025
Floral Embroidered T-Shirt,2290.00,https://cdn.shopify.com/s/files/1/2290/7887/files/F0894206901_2.jpg?v=1753768833,https://www.outfitters.com.pk/products/f0894-206,Outfitters,Shirts,7/30/2025
Floral Embroidered T-Shirt,3290.00,https://cdn.shopify.com/s/files/1/2290/7887/files/F0893206002_12dbd430-d8ba-4731-bd6d-f47415056138.jpg?v=1753426106,https://www.outfitters.com.pk/products/f0893-206,Outfitters,Shirts,7/30/2025
All-Over Printed Shirt,3690.00,https://cdn.shopify.com/s/files/1/2290/7887/files/F0536203999_d5a484ec-82fc-468e-a316-1d0100b90c6e.jpg?v=1753422849,https://www.outfitters.com.pk/products/f0536-203,Outfitters,Shirts,7/30/2025
Shiffli Embroidered Shirt,4490.00,https://cdn.shopify.com/s/files/1/2290/7887/files/F0520203126_2.jpg?v=1753770531,https://www.outfitters.com.pk/products/f0520-203,Outfitters,Shirts,7/30/2025
Embroidered T-Shirt,2890.00,https://cdn.shopify.com/s/files/1/2290/7887/files/F0899206004_3.jpg?v=1753769198,https://www.outfitters.com.pk/products/f0899-206,Outfitters,Shirts,7/30/2025
Super Cropped Tank T-Shirt With Buttons,1990.00,https://cdn.shopify.com/s/files/1/2290/7887/files/F0616206901_4_70290ef2-8c03-48ec-853e-43cd23e3bff8.jpg?v=1747144024,https://www.outfitters.com.pk/products/f0616-206,Outfitters,Shirts,7/30/2025
Slogan T-shirt,1390.00,https://cdn.shopify.com/s/files/1/2290/7887/files/F1218106805.jpg?v=1750781539,https://www.outfitters.com.pk/products/f1218-106,Outfitters,Shirts,7/30/2025
Slogan Graphic Sweatshirt,2190.00,https://cdn.shopify.com/s/files/1/2290/7887/files/F0440107112_5.jpg?v=1730100635,https://www.outfitters.com.pk/products/f0440-107,Outfitters,Shirts,7/30/2025
Graphic Tank T-shirt,690.00,https://cdn.shopify.com/s/files/1/2290/7887/files/F0560206716.jpg?v=1747143851,https://www.outfitters.com.pk/products/f0560-206,Outfitters,Shirts,7/30/2025
Graphic T-shirt,1690.00,https://cdn.shopify.com/s/files/1/2290/7887/files/F1371106619_5.jpg?v=1752737339,https://www.outfitters.com.pk/products/f1371-106,Outfitters,Shirts,7/30/2025
Graphic T-shirt,1890.00,https://cdn.shopify.com/s/files/1/2290/7887/files/F1324106813_1.jpg?v=1750780974,https://www.outfitters.com.pk/products/f1324-106,Outfitters,Shirts,7/30/2025
Fitted Cropped T-Shirt In Rib,790.00,https://cdn.shopify.com/s/files/1/2290/7887/files/F0636206001_1_7bb84907-49bd-49b4-a192-fb8f954e6ce9.jpg?v=1750781575,https://www.outfitters.com.pk/products/f0636-206,Outfitters,Shirts,7/30/2025
Character Graphic T-Shirt,1290.00,https://cdn.shopify.com/s/files/1/2290/7887/files/F0856506604_4.jpg?v=1750240303,https://www.outfitters.com.pk/products/f0856-506,Outfitters,Shirts,7/30/2025
Basic V Neck T-shirt,1190.00,https://cdn.shopify.com/s/files/1/2290/7887/files/F1060106117.jpg?v=1729763610,https://www.outfitters.com.pk/products/f1060-106,Outfitters,Shirts,7/30/2025
Zipper Polo Shirt,4290.00,https://cdn.shopify.com/s/files/1/2290/7887/files/F1237106117_3.jpg?v=1753690163,https://www.outfitters.com.pk/products/f1237-106-a,Outfitters,Shirts,7/30/2025
Varsity Graphic T-Shirt,1490.00,https://cdn.shopify.com/s/files/1/2290/7887/files/F0838506306_3.jpg?v=1750240573,https://www.outfitters.com.pk/products/f0838-506,Outfitters,Shirts,7/30/2025
Top With Smoke Details,1190.00,https://cdn.shopify.com/s/files/1/2290/7887/files/F0273603125_4.jpg?v=1717071326,https://www.outfitters.com.pk/products/f0273-603,Outfitters,Shirts,7/30/2025
Stripe Blouse With Knot Details,790.00,https://cdn.shopify.com/s/files/1/2290/7887/files/F0119403609_2.jpg?v=1706592418,https://www.outfitters.com.pk/products/f0119-403,Outfitters,Shirts,7/30/2025
Striped Blouse With Ruffle Detail,1190.00,https://cdn.shopify.com/s/files/1/2290/7887/files/F0162403635_2_copy.jpg?v=1724847253,https://www.outfitters.com.pk/products/f0162-403,Outfitters,Shirts,7/30/2025
Slogan Print SWEATSHIRT,1390.00,https://cdn.shopify.com/s/files/1/2290/7887/files/F0086607408M_2.jpg?v=1747144720,https://www.outfitters.com.pk/products/f0086-607,Outfitters,Shirts,7/30/2025
Slogan Printed T-shirt,1190.00,https://cdn.shopify.com/s/files/1/2290/7887/files/F1219106126_3_a2329549-3821-4ced-a8f1-3cd5dd27afca.jpg?v=1750781537,https://www.outfitters.com.pk/products/f1219-106,Outfitters,Shirts,7/30/2025
Relaxed T-Shirt With Ruffle Sleeves,890.00,https://cdn.shopify.com/s/files/1/2290/7887/files/F0361606002_4_copy2.jpg?v=1714376076,https://www.outfitters.com.pk/products/f0361-606,Outfitters,Shirts,7/30/2025
Printed Smocked Blouse,990.00,https://cdn.shopify.com/s/files/1/2290/7887/files/F0214603998_2.jpg?v=1747143689,https://www.outfitters.com.pk/products/f0214-603,Outfitters,Shirts,7/30/2025
Embroidered Slogan T-shirt,1290.00,https://cdn.shopify.com/s/files/1/2290/7887/files/F0602606110_2.jpg?v=1750241143,https://www.outfitters.com.pk/products/f0602-606,Outfitters,Shirts,7/30/2025
Embroidered Crew Neck T-Shirt,1990.00,https://cdn.shopify.com/s/files/1/2290/7887/files/F1093106128_2_copy.jpg?v=1733744145,https://www.outfitters.com.pk/products/f1093-106,Outfitters,Shirts,7/30/2025
Embellished Sweatshirt,1690.00,https://cdn.shopify.com/s/files/1/2290/7887/files/F0126607901_2_copy.jpg?v=1727156070,https://www.outfitters.com.pk/products/f0126-607,Outfitters,Shirts,7/30/2025
Elasticated Square Neckline Blouse,1390.00,https://cdn.shopify.com/s/files/1/2290/7887/files/F0239603998_5_copy2.jpg?v=1721284559,https://www.outfitters.com.pk/products/f0239-603,Outfitters,Shirts,7/30/2025
Cropped Suede Shacket,2990.00,https://cdn.shopify.com/s/files/1/2290/7887/files/F0388203319_2.jpg?v=1729662129,https://www.outfitters.com.pk/products/f0388-203,Outfitters,Shirts,7/30/2025
Cropped Shacket With Embroidered Detail,2190.00,https://cdn.shopify.com/s/files/1/2290/7887/files/F0295603002_2_copy.jpg?v=1734953740,https://www.outfitters.com.pk/products/f0295-603,Outfitters,Shirts,7/30/2025
Cropped Relaxed Fit Graphic T-Shirt,1490.00,https://cdn.shopify.com/s/files/1/2290/7887/files/F0658606513_2.jpg?v=1750240613,https://www.outfitters.com.pk/products/f0658-606,Outfitters,Shirts,7/30/2025
Cropped Ribbed Graphic T-Shirt,1290.00,https://cdn.shopify.com/s/files/1/2290/7887/files/F0608606002_2.jpg?v=1750241131,https://www.outfitters.com.pk/products/f0608-606,Outfitters,Shirts,7/30/2025
Cropped Embroidered Top,1590.00,https://cdn.shopify.com/s/files/1/2290/7887/files/F0229403513_2.jpg?v=1750239925,https://www.outfitters.com.pk/products/f0229-403,Outfitters,Shirts,7/30/2025
Cropped Graphic T-Shirt,1290.00,https://cdn.shopify.com/s/files/1/2290/7887/files/F0631606512_4.jpg?v=1750240644,https://www.outfitters.com.pk/products/f0631-606,Outfitters,Shirts,7/30/2025
Cropped Graphic T-Shirt,1290.00,https://cdn.shopify.com/s/files/1/2290/7887/files/F0654606909_2.jpg?v=1750241079,https://www.outfitters.com.pk/products/f0654-606,Outfitters,Shirts,7/30/2025
Cropped Embellished Shirt,1490.00,https://cdn.shopify.com/s/files/1/2290/7887/files/F0293603630_2_copy.jpg?v=1729062816,https://www.outfitters.com.pk/products/f0293-603,Outfitters,Shirts,7/30/2025
Crew Neck T-shirt,1190.00,https://cdn.shopify.com/s/files/1/2290/7887/files/F1132106817_1_7f029d95-2033-4379-bc93-62e156ebc66f.jpg?v=1728451584,https://www.outfitters.com.pk/products/f1132-106,Outfitters,Shirts,7/30/2025
Crew Neck Graphic T-Shirt,790.00,https://cdn.shopify.com/s/files/1/2290/7887/files/F0411406515_2.jpg?v=1734932909,https://www.outfitters.com.pk/products/f0411-406,Outfitters,Shirts,7/30/2025
Cotton Linen Shirt With Patch Pocket,2990.00,https://cdn.shopify.com/s/files/1/2290/7887/files/F0618103007_1.jpg?v=1726636240,https://www.outfitters.com.pk/products/f0618-103,Outfitters,Shirts,7/30/2025
Color Blocking With Pipping Detail T-shirt,1190.00,https://cdn.shopify.com/s/files/1/2290/7887/files/F0865106907.jpg?v=1711952512,https://www.outfitters.com.pk/products/f0865-106,Outfitters,Shirts,7/30/2025
Checkered Shirt,1190.00,https://cdn.shopify.com/s/files/1/2290/7887/files/F0243503710_1.jpg?v=1707982804,https://www.outfitters.com.pk/products/f0243-503,Outfitters,Shirts,7/30/2025
Button Up Striped Shirt,1390.00,https://cdn.shopify.com/s/files/1/2290/7887/files/F0266503633_2.jpg?v=1705922285,https://www.outfitters.com.pk/products/f0266-503,Outfitters,Shirts,7/30/2025
Button Down Cropped Shirt with Knot,1290.00,https://cdn.shopify.com/s/files/1/2290/7887/files/F0235203001_1_26bf8262-6fda-418d-a842-dec25cc9505d.jpg?v=1747144052,https://www.outfitters.com.pk/products/f0235-203,Outfitters,Shirts,7/30/2025
Be Kind Cropped T-Shirt,790.00,https://cdn.shopify.com/s/files/1/2290/7887/files/F0669606530_3.jpg?v=1734671889,https://www.outfitters.com.pk/products/f0669-606,Outfitters,Shirts,7/30/2025
Basic Textured T-Shirt,990.00,https://cdn.shopify.com/s/files/1/2290/7887/files/F0666306006_2.jpg?v=1729500290,https://www.outfitters.com.pk/products/f0666-306,Outfitters,Shirts,7/30/2025
Basic Non-Denim Cropped Shirt,2090.00,https://cdn.shopify.com/s/files/1/2290/7887/files/F0379203808_1.jpg?v=1733224354,https://www.outfitters.com.pk/products/f0379-203,Outfitters,Shirts,7/30/2025
Basic Denim Shirt,1690.00,https://cdn.shopify.com/s/files/1/2290/7887/files/F0234503617_2.jpg?v=1706509509,https://www.outfitters.com.pk/products/f0234-503,Outfitters,Shirts,7/30/2025
Basic Crew Neck T-shirt,990.00,https://cdn.shopify.com/s/files/1/2290/7887/files/F1107106002_1.jpg?v=1750242296,https://www.outfitters.com.pk/products/f1107-106,Outfitters,Shirts,7/30/2025
All Over Printed Resort Collar Shirt,1790.00,https://cdn.shopify.com/s/files/1/2290/7887/files/F0505103999.jpg?v=1712292279,https://www.outfitters.com.pk/products/f0505-103,Outfitters,Shirts,7/30/2025
All-Over Flamingo Print T-Shirt,1290.00,https://cdn.shopify.com/s/files/1/2290/7887/files/F0599606425_2.jpg?v=1750241557,https://www.outfitters.com.pk/products/f0599-606,Outfitters,Shirts,7/30/2025
All Over Printed Resort Collar Shirt,1790.00,https://cdn.shopify.com/s/files/1/2290/7887/files/F0474103998.jpg?v=1716961851,https://www.outfitters.com.pk/products/f0474-103,Outfitters,Shirts,7/30/2025
Textured T-Shirt,3090.00,https://cdn.shopify.com/s/files/1/2290/7887/files/F1292106637_2.jpg?v=1753691085,https://www.outfitters.com.pk/products/f1292-106,Outfitters,Shirts,7/30/2025
Printed Shirt,2490.00,https://cdn.shopify.com/s/files/1/2290/7887/files/F0395303309_2_copy.jpg?v=1753690807,https://www.outfitters.com.pk/products/f0395-303,Outfitters,Shirts,7/30/2025
Printed Shirt,2490.00,https://cdn.shopify.com/s/files/1/2290/7887/files/F0394303111_3_copy_20bebdce-03ee-46f3-badd-7a6d9eb21c06.jpg?v=1753690552,https://www.outfitters.com.pk/products/f0394-303,Outfitters,Shirts,7/30/2025
Cropped Graphic T-Shirt,990.00,https://cdn.shopify.com/s/files/1/2290/7887/files/F0460406127_2.jpg?v=1750240374,https://www.outfitters.com.pk/products/f0460-406,Outfitters,Shirts,7/30/2025
Self Textured Shirt,4990.00,https://cdn.shopify.com/s/files/1/2290/7887/files/F0877103001_2.jpg?v=1753686607,https://www.outfitters.com.pk/products/f0877-103,Outfitters,Shirts,7/30/2025
Embroidered Shirt,5990.00,https://cdn.shopify.com/s/files/1/2290/7887/files/F0902103618_2.jpg?v=1753686064,https://www.outfitters.com.pk/products/f0902-103,Outfitters,Shirts,7/30/2025
Embroidered Denim Shirt,2790.00,https://cdn.shopify.com/s/files/1/2290/7887/files/F0198403635_2_copy.jpg?v=1750241690,https://www.outfitters.com.pk/products/f0198-403,Outfitters,Shirts,7/30/2025
Slogan T-Shirt,1690.00,https://cdn.shopify.com/s/files/1/2290/7887/files/F1357106901_1.jpg?v=1750914764,https://www.outfitters.com.pk/products/f1357-106,Outfitters,Shirts,7/30/2025
Cropped Sleeveless Button Up Shirt,2190.00,https://cdn.shopify.com/s/files/1/2290/7887/files/F0319603418_6.jpg?v=1750240181,https://www.outfitters.com.pk/products/f0319-603,Outfitters,Shirts,7/30/2025
Slogan T-Shirt,2490.00,https://cdn.shopify.com/s/files/1/2290/7887/files/F1602106915_6.jpg?v=1753446609,https://www.outfitters.com.pk/products/f1602-106,Outfitters,Shirts,7/30/2025
Basic Crochet T-Shirt,2090.00,https://cdn.shopify.com/s/files/1/2290/7887/files/F0694606427_2.jpg?v=1753445789,https://www.outfitters.com.pk/products/f0694-606,Outfitters,Shirts,7/30/2025
Super Cropped T-shirt With Washed-out Effect,1590.00,https://cdn.shopify.com/s/files/1/2290/7887/files/F0688206619_2.jpg?v=1734933877,https://www.outfitters.com.pk/products/f0688-206,Outfitters,Shirts,7/30/2025
Slogan T-Shirt,2290.00,https://cdn.shopify.com/s/files/1/2290/7887/files/F0887206305_2_983a63a9-8d13-4c33-9079-d92a6b298287.jpg?v=1750847455,https://www.outfitters.com.pk/products/f0887-206,Outfitters,Shirts,7/30/2025
Graphic T-shirt,1690.00,https://cdn.shopify.com/s/files/1/2290/7887/files/F1332106630_3_c0fc2a70-c924-4ec0-b631-d05bf174c85c.jpg?v=1750781099,https://www.outfitters.com.pk/products/f1332-106,Outfitters,Shirts,7/30/2025
Graphic T-Shirt,690.00,https://cdn.shopify.com/s/files/1/2290/7887/files/F0697306902_690062d6-3c19-4b6f-977e-0bfe784d93da.jpg?v=1750239405,https://www.outfitters.com.pk/products/f0697-306,Outfitters,Shirts,7/30/2025
Graphic T-shirt,1390.00,https://cdn.shopify.com/s/files/1/2290/7887/files/F1181106814_1.jpg?v=1750241830,https://www.outfitters.com.pk/products/f1181-106,Outfitters,Shirts,7/30/2025
Basic Ribbed T-shirt,1890.00,https://cdn.shopify.com/s/files/1/2290/7887/files/F0966206814.jpg?v=1753427905,https://www.outfitters.com.pk/products/f0966-206,Outfitters,Shirts,7/30/2025
Graphic T-shirt,1190.00,https://cdn.shopify.com/s/files/1/2290/7887/files/F1172106001_4_c2c874a8-0f11-460f-ab7c-c88e4f579bfc.jpg?v=1750241840,https://www.outfitters.com.pk/products/f1172-106,Outfitters,Shirts,7/30/2025
Super Cropped Textured T-shirt,3990.00,https://cdn.shopify.com/s/files/1/2290/7887/files/F1049206815_3_96fb9f08-63c2-4345-b5f5-10e0b2001cdc.jpg?v=1753162113,https://www.outfitters.com.pk/products/f1049-206,Outfitters,Shirts,7/30/2025
Graphic T-Shirt With Frill Sleeves,690.00,https://cdn.shopify.com/s/files/1/2290/7887/files/F0463406722_2.jpg?v=1750240689,https://www.outfitters.com.pk/products/f0463-406,Outfitters,Shirts,7/30/2025
Striped Shirt,4490.00,https://cdn.shopify.com/s/files/1/2290/7887/files/F0996103007_2_copy.jpg?v=1753677322,https://www.outfitters.com.pk/products/f0996-103,Outfitters,Shirts,7/30/2025
Checkered Shirt,4490.00,https://cdn.shopify.com/s/files/1/2290/7887/files/F0861103621.jpg?v=1753425285,https://www.outfitters.com.pk/products/f0861-103,Outfitters,Shirts,7/30/2025
Color Block Activewear T-shirt,3090.00,https://cdn.shopify.com/s/files/1/2290/7887/files/F0169125618_3_copy.jpg?v=1753075371,https://www.outfitters.com.pk/products/f0169-125,Outfitters,Shirts,7/30/2025
Striped Shirt,3090.00,https://cdn.shopify.com/s/files/1/2290/7887/files/F0442503622_1.jpg?v=1753074689,https://www.outfitters.com.pk/products/f0442-503,Outfitters,Shirts,7/30/2025
Checkered Shirt,3290.00,https://cdn.shopify.com/s/files/1/2290/7887/files/F0436503703_1_800aa052-c5e6-44f2-a837-3c878327aa4e.jpg?v=1753074439,https://www.outfitters.com.pk/products/f0436-503,Outfitters,Shirts,7/30/2025
Textured Shirt,2490.00,https://cdn.shopify.com/s/files/1/2290/7887/files/F0399303001_1.jpg?v=1753072353,https://www.outfitters.com.pk/products/f0399-303,Outfitters,Shirts,7/30/2025
Slogan T-Shirt With Ringer Detail,1290.00,https://cdn.shopify.com/s/files/1/2290/7887/files/F0794506306_2.jpg?v=1750241864,https://www.outfitters.com.pk/products/f0794-506,Outfitters,Shirts,7/30/2025
Embroidered T-Shirt,1490.00,https://cdn.shopify.com/s/files/1/2290/7887/files/F0648606621_2.jpg?v=1750241546,https://www.outfitters.com.pk/products/f0648-606,Outfitters,Shirts,7/30/2025
Cropped Embroidered T-Shirt,1290.00,https://cdn.shopify.com/s/files/1/2290/7887/files/F0604606418_5.jpg?v=1750240141,https://www.outfitters.com.pk/products/f0604-606,Outfitters,Shirts,7/30/2025
Cropped Graphic T-Shirt With Fringes Detail,990.00,https://cdn.shopify.com/s/files/1/2290/7887/files/F0457406127_2.jpg?v=1750240697,https://www.outfitters.com.pk/products/f0457-406,Outfitters,Shirts,7/30/2025
CROPPED T-SHIRT,890.00,https://cdn.shopify.com/s/files/1/2290/7887/files/F0596606635_2.jpg?v=1750241660,https://www.outfitters.com.pk/products/f0596-606,Outfitters,Shirts,7/30/2025
Cropped Graphic T-Shirt,1290.00,https://cdn.shopify.com/s/files/1/2290/7887/files/F0650606110_3.jpg?v=1750241898,https://www.outfitters.com.pk/products/f0650-606,Outfitters,Shirts,7/30/2025
Cropped Embroidered T-Shirt,690.00,https://cdn.shopify.com/s/files/1/2290/7887/files/F0433406216_2.jpg?v=1750241219,https://www.outfitters.com.pk/products/f0433-406,Outfitters,Shirts,7/30/2025
Cropped Graphic T-shirt,1290.00,https://cdn.shopify.com/s/files/1/2290/7887/files/F0591606002_4.jpg?v=1750241761,https://www.outfitters.com.pk/products/f0591-606,Outfitters,Shirts,7/30/2025
Character Graphic T-Shirt,1290.00,https://cdn.shopify.com/s/files/1/2290/7887/files/F0656606901_3_copy.jpg?v=1750240325,https://www.outfitters.com.pk/products/f0656-606,Outfitters,Shirts,7/30/2025
Basic Shirt,3090.00,https://cdn.shopify.com/s/files/1/2290/7887/files/F0486203215_3.jpg?v=1752663966,https://www.outfitters.com.pk/products/f0486-203,Outfitters,Shirts,7/30/2025
All-Over Character Print T-Shirt,690.00,https://cdn.shopify.com/s/files/1/2290/7887/files/F0448406110_2_copy.jpg?v=1750240376,https://www.outfitters.com.pk/products/f0448-406,Outfitters,Shirts,7/30/2025
3D-Graphic T-Shirt,1490.00,https://cdn.shopify.com/s/files/1/2290/7887/files/F0598606110_2.jpg?v=1750240665,https://www.outfitters.com.pk/products/f0598-606,Outfitters,Shirts,7/30/2025
Textured T-Shirt,1990.00,https://cdn.shopify.com/s/files/1/2290/7887/files/F1065106112_2.jpg?v=1733824412,https://www.outfitters.com.pk/products/f1065-106,Outfitters,Shirts,7/30/2025
All Over Camo Printed T-shirt,1190.00,https://cdn.shopify.com/s/files/1/2290/7887/files/F1264106912_75568436-71bb-47c8-aea8-9cc7117a8716.jpg?v=1750240500,https://www.outfitters.com.pk/products/f1264-106,Outfitters,Shirts,7/30/2025
Graphic Raglan T-Shirt,2190.00,https://cdn.shopify.com/s/files/1/2290/7887/files/F1409106112_3_00285d46-9919-4b5f-a19f-b6ac0d1089d0.jpg?v=1750781093,https://www.outfitters.com.pk/products/f1409-106,Outfitters,Shirts,7/30/2025
Self Textured Shirt,3990.00,https://cdn.shopify.com/s/files/1/2290/7887/files/F0885103002_2.jpg?v=1752834071,https://www.outfitters.com.pk/products/f0885-103,Outfitters,Shirts,7/30/2025
Embellished T-Shirt,1890.00,https://cdn.shopify.com/s/files/1/2290/7887/files/F0732606327_2.jpg?v=1752832695,https://www.outfitters.com.pk/products/f0732-606,Outfitters,Shirts,7/30/2025
Slogan T-shirt,2490.00,https://cdn.shopify.com/s/files/1/2290/7887/files/F1437106618_2.jpg?v=1752822015,https://www.outfitters.com.pk/products/f1437-106,Outfitters,Shirts,7/30/2025
Cropped Slogan T-Shirt,1490.00,https://cdn.shopify.com/s/files/1/2290/7887/files/F0522406326_3.jpg?v=1752818647,https://www.outfitters.com.pk/products/f0522-406,Outfitters,Shirts,7/30/2025
Floral Embroidered Top,3290.00,https://cdn.shopify.com/s/files/1/2290/7887/files/F0222403308_3_copy.jpg?v=1752815258,https://www.outfitters.com.pk/products/f0222-403,Outfitters,Shirts,7/30/2025
Slogan T-shirt,2890.00,https://cdn.shopify.com/s/files/1/2290/7887/files/F1362106003_aa01ca9a-06b5-4b22-b5aa-e7a44d733877.jpg?v=1753680250,https://www.outfitters.com.pk/products/f1362-106,Outfitters,Shirts,7/30/2025
Graphic T-Shirt,790.00,https://cdn.shopify.com/s/files/1/2290/7887/files/F0590606425_5_copy.jpg?v=1750241919,https://www.outfitters.com.pk/products/f0590-606,Outfitters,Shirts,7/30/2025
Graphic T-Shirt,890.00,https://cdn.shopify.com/s/files/1/2290/7887/files/F0826506814_3.jpg?v=1750241014,https://www.outfitters.com.pk/products/f0826-506,Outfitters,Shirts,7/30/2025
Graphic T-Shirt,890.00,https://cdn.shopify.com/s/files/1/2290/7887/files/F0595606216_5.jpg?v=1750240354,https://www.outfitters.com.pk/products/f0595-606,Outfitters,Shirts,7/30/2025
Cropped Slogan T-Shirt,1190.00,https://cdn.shopify.com/s/files/1/2290/7887/files/F0612606716_2.jpg?v=1750240657,https://www.outfitters.com.pk/products/f0612-606,Outfitters,Shirts,7/30/2025
Color Block Raglan T-shirt,1190.00,https://cdn.shopify.com/s/files/1/2290/7887/files/F1162106901_b2e069d3-fe6b-482c-822e-8edd4572684b.jpg?v=1750240970,https://www.outfitters.com.pk/products/f1162-106,Outfitters,Shirts,7/30/2025
Basic V-Neck T-Shirt,890.00,https://cdn.shopify.com/s/files/1/2290/7887/files/F0716206802.jpg?v=1750241072,https://www.outfitters.com.pk/products/f0716-206,Outfitters,Shirts,7/30/2025
Basic T-shirt,990.00,https://cdn.shopify.com/s/files/1/2290/7887/files/F0757206901_3_98340452-177a-4114-a49d-a266838ff30b.jpg?v=1750241751,https://www.outfitters.com.pk/products/f0757-206,Outfitters,Shirts,7/30/2025
Embroidered Crochet T-Shirt,2890.00,https://cdn.shopify.com/s/files/1/2290/7887/files/F0891206806_3_450e7aa9-ea3f-4832-b270-2c28dfbc942e.jpg?v=1752730231,https://www.outfitters.com.pk/products/f0891-206,Outfitters,Shirts,7/30/2025
Slogan T-shirt,2190.00,https://cdn.shopify.com/s/files/1/2290/7887/files/F1226106901_1.jpg?v=1750240257,https://www.outfitters.com.pk/products/f1226-106,Outfitters,Shirts,7/30/2025
Graphic T-Shirt,1990.00,https://cdn.shopify.com/s/files/1/2290/7887/files/F1340106104.jpg?v=1753679872,https://www.outfitters.com.pk/products/f1340-106,Outfitters,Shirts,7/30/2025
Graphic T-shirt,1990.00,https://cdn.shopify.com/s/files/1/2290/7887/files/F1339106901_2.jpg?v=1750781012,https://www.outfitters.com.pk/products/f1339-106,Outfitters,Shirts,7/30/2025
Cropped Sleeveless Tunic Top,890.00,https://cdn.shopify.com/s/files/1/2290/7887/files/F0217403109_2_copy_fa657d91-df5e-40f2-b4e5-393d5fe58b13.jpg?v=1750239696,https://www.outfitters.com.pk/products/f0217-403,Outfitters,Shirts,7/30/2025
Checkered Shirt,3990.00,https://cdn.shopify.com/s/files/1/2290/7887/files/F0512203998_3.jpg?v=1752665157,https://www.outfitters.com.pk/products/f0512-203,Outfitters,Shirts,7/30/2025
Embellished T-shirt,3090.00,https://cdn.shopify.com/s/files/1/2290/7887/files/F0776206637.jpg?v=1753424453,https://www.outfitters.com.pk/products/f0776-206,Outfitters,Shirts,7/30/2025
Striped Textured Shirt,3990.00,https://cdn.shopify.com/s/files/1/2290/7887/files/F0865103002.jpg?v=1753425411,https://www.outfitters.com.pk/products/f0865-103,Outfitters,Shirts,7/30/2025
Seersucker Checkered Shirt,5490.00,https://cdn.shopify.com/s/files/1/2290/7887/files/F0838103619.jpg?v=1753425037,https://www.outfitters.com.pk/products/f0838-103,Outfitters,Shirts,7/30/2025
Printed Shirt,2890.00,https://cdn.shopify.com/s/files/1/2290/7887/files/F0439503901_2_copy_4f2a2a59-5710-4e37-9f29-0e33e6f1ed68.jpg?v=1752648240,https://www.outfitters.com.pk/products/f0439-503,Outfitters,Shirts,7/30/2025
Embroidered Shirt,4490.00,https://cdn.shopify.com/s/files/1/2290/7887/files/F0828103003_2.jpg?v=1752648110,https://www.outfitters.com.pk/products/f0828-103,Outfitters,Shirts,7/30/2025
Textured Shirt,2890.00,https://cdn.shopify.com/s/files/1/2290/7887/files/F0443503001_2_copy.jpg?v=1752647088,https://www.outfitters.com.pk/products/f0443-503,Outfitters,Shirts,7/30/2025
Floral Embroidered Cropped Shirt,4290.00,https://cdn.shopify.com/s/files/1/2290/7887/files/F0591203632.jpg?v=1753424179,https://www.outfitters.com.pk/products/f0591-203,Outfitters,Shirts,7/30/2025
Embroidered Shirt,2490.00,https://cdn.shopify.com/s/files/1/2290/7887/files/F0349303002_2_copy.jpg?v=1752646535,https://www.outfitters.com.pk/products/f0349-303,Outfitters,Shirts,7/30/2025
Textured Shirt,2890.00,https://cdn.shopify.com/s/files/1/2290/7887/files/F0400303001_3_copy.jpg?v=1752646446,https://www.outfitters.com.pk/products/f0400-303,Outfitters,Shirts,7/30/2025
Basic Shirt,4490.00,https://cdn.shopify.com/s/files/1/2290/7887/files/F0524203524.jpg?v=1753417985,https://www.outfitters.com.pk/products/f0524-203,Outfitters,Shirts,7/30/2025
Slogan T-shirt,2490.00,https://cdn.shopify.com/s/files/1/2290/7887/files/F1358106517_3.jpg?v=1752736969,https://www.outfitters.com.pk/products/f1358-106,Outfitters,Shirts,7/30/2025
Mock Neck Interlock T-shirt,1590.00,https://cdn.shopify.com/s/files/1/2290/7887/files/F0670206817_2.jpg?v=1731668729,https://www.outfitters.com.pk/products/f0670-206,Outfitters,Shirts,7/30/2025
Striped Shirt,2490.00,https://cdn.shopify.com/s/files/1/2290/7887/files/F0390303622_2_copy.jpg?v=1752567289,https://www.outfitters.com.pk/products/f0390-303,Outfitters,Shirts,7/30/2025
Checkered Shirt,2490.00,https://cdn.shopify.com/s/files/1/2290/7887/files/F0383303703_2_copy.jpg?v=1752567007,https://www.outfitters.com.pk/products/f0383-303,Outfitters,Shirts,7/30/2025
Denim Shirt,3990.00,https://cdn.shopify.com/s/files/1/2290/7887/files/F0453503621_2.jpg?v=1752564205,https://www.outfitters.com.pk/products/f0453-503,Outfitters,Shirts,7/30/2025
Slogan T-Shirt,1690.00,https://cdn.shopify.com/s/files/1/2290/7887/files/F0727606308_2.jpg?v=1752563850,https://www.outfitters.com.pk/products/f0727-606,Outfitters,Shirts,7/30/2025
Embroidered Polo Shirt,4490.00,https://cdn.shopify.com/s/files/1/2290/7887/files/F1605106003_3e3e5094-6fe2-4302-a94e-d7f819a46c00.jpg?v=1753683969,https://www.outfitters.com.pk/products/f1605-106,Outfitters,Shirts,7/30/2025
Slogan T-shirt,2490.00,https://cdn.shopify.com/s/files/1/2290/7887/files/F1601106001.jpg?v=1753683440,https://www.outfitters.com.pk/products/f1601-106,Outfitters,Shirts,7/30/2025
Slogan T-shirt,2890.00,https://cdn.shopify.com/s/files/1/2290/7887/files/F1591106901_f50d0322-70ac-4e15-8c3d-f5c664df7413.jpg?v=1753682683,https://www.outfitters.com.pk/products/f1591-106,Outfitters,Shirts,7/30/2025
Slogan T-shirt,2490.00,https://cdn.shopify.com/s/files/1/2290/7887/files/F1604106814_85c58563-6dd4-4507-9638-39c1355c8bb1.jpg?v=1753683775,https://www.outfitters.com.pk/products/f1604-106,Outfitters,Shirts,7/30/2025
Raglan Slogan T-shirt,2890.00,https://cdn.shopify.com/s/files/1/2290/7887/files/F1603106901.jpg?v=1753683638,https://www.outfitters.com.pk/products/f1603-106,Outfitters,Shirts,7/30/2025
Striped Knitted T-Shirt,3490.00,https://cdn.shopify.com/s/files/1/2290/7887/files/F1230106002_3_a8462939-9a37-4f90-96ff-4a221ad8e395.jpg?v=1750239359,https://www.outfitters.com.pk/products/f1230-106,Outfitters,Shirts,7/30/2025
Slogan T-shirt,2890.00,https://cdn.shopify.com/s/files/1/2290/7887/files/F1600106002.jpg?v=1753683201,https://www.outfitters.com.pk/products/f1600-106,Outfitters,Shirts,7/30/2025
Slogan T-shirt,2890.00,https://cdn.shopify.com/s/files/1/2290/7887/files/F1590106001.jpg?v=1753682448,https://www.outfitters.com.pk/products/f1590-106,Outfitters,Shirts,7/30/2025
Basic Raglan T-shirt,2490.00,https://cdn.shopify.com/s/files/1/2290/7887/files/F1442106901_4_bf04ba41-8c0c-410e-8b57-9d006c69224b.jpg?v=1752746726,https://www.outfitters.com.pk/products/f1442-106,Outfitters,Shirts,7/30/2025
Slogan T-shirt,2890.00,https://cdn.shopify.com/s/files/1/2290/7887/files/F1427106002_1.jpg?v=1752494953,https://www.outfitters.com.pk/products/f1427-106,Outfitters,Shirts,7/30/2025
Raglan Slogan T-shirt,2890.00,https://cdn.shopify.com/s/files/1/2290/7887/files/F1325106814_616ea21c-269f-4a3f-a148-7f6fa9df496a.jpg?v=1753679616,https://www.outfitters.com.pk/products/f1325-106,Outfitters,Shirts,7/30/2025
Embroidered Cropped T-Shirt,2290.00,https://cdn.shopify.com/s/files/1/2290/7887/files/F0867206901_80b1ff6d-f87f-48af-82cc-471610276809.jpg?v=1753425554,https://www.outfitters.com.pk/products/f0867-206,Outfitters,Shirts,7/30/2025
Graphic T-shirt,2490.00,https://cdn.shopify.com/s/files/1/2290/7887/files/F0875206708..jpg?v=1753425696,https://www.outfitters.com.pk/products/f0875-206,Outfitters,Shirts,7/30/2025
Color Block Graphic T-Shirt,2090.00,https://cdn.shopify.com/s/files/1/2290/7887/files/F0979506001_2.jpg?v=1752484272,https://www.outfitters.com.pk/products/f0979-506,Outfitters,Shirts,7/30/2025
Cut-Work Embroidered Cropped Shirt,4490.00,https://cdn.shopify.com/s/files/1/2290/7887/files/F0522203901_6a3d3e81-c62f-42a2-aadf-7ef33722e831.jpg?v=1753418026,https://www.outfitters.com.pk/products/f0522-203,Outfitters,Shirts,7/30/2025
Printed Top,2490.00,https://cdn.shopify.com/s/files/1/2290/7887/files/F0255403998_2_copy.jpg?v=1752476196,https://www.outfitters.com.pk/products/f0255-403,Outfitters,Shirts,7/30/2025
Textured Resort Collar shirt,5490.00,https://cdn.shopify.com/s/files/1/2290/7887/files/F0824103622_00c2abdd-80eb-417c-9c0a-6edb85b5c8fa.jpg?v=1753424883,https://www.outfitters.com.pk/products/f0824-103,Outfitters,Shirts,7/30/2025
Graphic T-Shirt,1490.00,https://cdn.shopify.com/s/files/1/2290/7887/files/F0496406002_3.jpg?v=1752475487,https://www.outfitters.com.pk/products/f0496-406,Outfitters,Shirts,7/30/2025
Cropped Striped Shirt,3990.00,https://cdn.shopify.com/s/files/1/2290/7887/files/F0607203999.jpg?v=1753424330,https://www.outfitters.com.pk/products/f0607-203,Outfitters,Shirts,7/30/2025
All-Over Printed Shirt,3690.00,https://cdn.shopify.com/s/files/1/2290/7887/files/F0907103998.jpg?v=1753426445,https://www.outfitters.com.pk/products/f0907-103,Outfitters,Shirts,7/30/2025
Slogan T-Shirt,1890.00,https://cdn.shopify.com/s/files/1/2290/7887/files/F0716606002_1.jpg?v=1752474983,https://www.outfitters.com.pk/products/f0716-606,Outfitters,Shirts,7/30/2025
Embroidered Slogan T-Shirt,1890.00,https://cdn.shopify.com/s/files/1/2290/7887/files/F0718606617_3_copy.jpg?v=1752473844,https://www.outfitters.com.pk/products/f0718-606,Outfitters,Shirts,7/30/2025
Embroidered Sleeve T-Shirt,2490.00,https://cdn.shopify.com/s/files/1/2290/7887/files/F0870206901_2.jpg?v=1752473451,https://www.outfitters.com.pk/products/f0870-206,Outfitters,Shirts,7/30/2025
Graphic Polo Shirt,2290.00,https://cdn.shopify.com/s/files/1/2290/7887/files/F0816506001_2.jpg?v=1750240582,https://www.outfitters.com.pk/products/f0816-506,Outfitters,Shirts,7/30/2025
Slogan T-Shirt,1890.00,https://cdn.shopify.com/s/files/1/2290/7887/files/F0954506007_2.jpg?v=1752231651,https://www.outfitters.com.pk/products/f0954-506,Outfitters,Shirts,7/30/2025
Slogan T-Shirt,1490.00,https://cdn.shopify.com/s/files/1/2290/7887/files/F0724306205_2.jpg?v=1752229585,https://www.outfitters.com.pk/products/f0724-306,Outfitters,Shirts,7/30/2025
Textured T-Shirt,1690.00,https://cdn.shopify.com/s/files/1/2290/7887/files/F0704306111_2.jpg?v=1752227733,https://www.outfitters.com.pk/products/f0704-306,Outfitters,Shirts,7/30/2025
Basic T-Shirt,1690.00,https://cdn.shopify.com/s/files/1/2290/7887/files/F0689606617_1.jpg?v=1752227279,https://www.outfitters.com.pk/products/f0689-606,Outfitters,Shirts,7/30/2025
Cropped Graphic T-Shirt,1890.00,https://cdn.shopify.com/s/files/1/2290/7887/files/F0692606002_1.jpg?v=1752226719,https://www.outfitters.com.pk/products/f0692-606,Outfitters,Shirts,7/30/2025
Cropped Graphic T-Shirt,1490.00,https://cdn.shopify.com/s/files/1/2290/7887/files/F0495406110_2.jpg?v=1752225686,https://www.outfitters.com.pk/products/f0495-406,Outfitters,Shirts,7/30/2025
All Over Printed Blouse,2890.00,https://cdn.shopify.com/s/files/1/2290/7887/files/F0382603998_2.jpg?v=1752217312,https://www.outfitters.com.pk/products/f0382-603,Outfitters,Shirts,7/30/2025
All-Over Printed T-Shirt,1290.00,https://cdn.shopify.com/s/files/1/2290/7887/files/F0606606425_2.jpg?v=1750241133,https://www.outfitters.com.pk/products/f0606-606,Outfitters,Shirts,7/30/2025
Color Block Polo Shirt,4990.00,https://cdn.shopify.com/s/files/1/2290/7887/files/F1297106814_3.jpg?v=1752130005,https://www.outfitters.com.pk/products/f1297-106,Outfitters,Shirts,7/30/2025
Embroidered Resort Collar Shirt,5990.00,https://cdn.shopify.com/s/files/1/2290/7887/files/F0842103901_8.jpg?v=1752129557,https://www.outfitters.com.pk/products/f0842-103,Outfitters,Shirts,7/30/2025
Resort Collar Polo Shirt,3990.00,https://cdn.shopify.com/s/files/1/2290/7887/files/F0901103001.jpg?v=1753426225,https://www.outfitters.com.pk/products/f0901-103,Outfitters,Shirts,7/30/2025
Basic Cotton Shirt,3990.00,https://cdn.shopify.com/s/files/1/2290/7887/files/F0919103901_94757b79-2328-4f22-ac5d-d8eb3f557b1f.jpg?v=1753427561,https://www.outfitters.com.pk/products/f0919-103,Outfitters,Shirts,7/30/2025
Graphic T-shirt,2890.00,https://cdn.shopify.com/s/files/1/2290/7887/files/F1370106901.jpg?v=1753680850,https://www.outfitters.com.pk/products/f1370-106,Outfitters,Shirts,7/30/2025
All-Over Print T-Shirt,890.00,https://cdn.shopify.com/s/files/1/2290/7887/files/F0326406612_11_copy2.jpg?v=1724329879,https://www.outfitters.com.pk/products/f0326-406,Outfitters,Shirts,7/30/2025
All Over Printed Shirt,3090.00,https://cdn.shopify.com/s/files/1/2290/7887/files/F0426503998_2.jpg?v=1752051524,https://www.outfitters.com.pk/products/f0426-503,Outfitters,Shirts,7/30/2025
Slogan T-Shirt,1490.00,https://cdn.shopify.com/s/files/1/2290/7887/files/F0733306632_2.jpg?v=1752051069,https://www.outfitters.com.pk/products/f0733-306,Outfitters,Shirts,7/30/2025
Character Graphic T-Shirt,2090.00,https://cdn.shopify.com/s/files/1/2290/7887/files/F0951506001_2.jpg?v=1752045069,https://www.outfitters.com.pk/products/f0951-506,Outfitters,Shirts,7/30/2025
Graphic T-Shirt,1890.00,https://cdn.shopify.com/s/files/1/2290/7887/files/F0955506001_2.jpg?v=1752044737,https://www.outfitters.com.pk/products/f0955-506,Outfitters,Shirts,7/30/2025
Color Block T-Shirt,2090.00,https://cdn.shopify.com/s/files/1/2290/7887/files/F0952506805_2.jpg?v=1752044435,https://www.outfitters.com.pk/products/f0952-506,Outfitters,Shirts,7/30/2025
Slogan T-Shirt,1890.00,https://cdn.shopify.com/s/files/1/2290/7887/files/F0950506301_1.jpg?v=1752043990,https://www.outfitters.com.pk/products/f0950-506,Outfitters,Shirts,7/30/2025
Color Block Raglan T-Shirt,2090.00,https://cdn.shopify.com/s/files/1/2290/7887/files/F0976506902_3.jpg?v=1752043639,https://www.outfitters.com.pk/products/f0976-506,Outfitters,Shirts,7/30/2025
Graphic T-Shirt,2090.00,https://cdn.shopify.com/s/files/1/2290/7887/files/F0949506902_2.jpg?v=1752043334,https://www.outfitters.com.pk/products/f0949-506,Outfitters,Shirts,7/30/2025
V-Neck Raglan T-Shirt,3090.00,https://cdn.shopify.com/s/files/1/2290/7887/files/F1316106618.jpg?v=1753679452,https://www.outfitters.com.pk/products/f1316-106,Outfitters,Shirts,7/30/2025
Graphic T-shirt,2890.00,https://cdn.shopify.com/s/files/1/2290/7887/files/F1381106002._cd245c39-6497-40dd-9f6e-05dbba0865b9.jpg?v=1753680999,https://www.outfitters.com.pk/products/f1381-106,Outfitters,Shirts,7/30/2025
Slogan T-Shirt,2890.00,https://cdn.shopify.com/s/files/1/2290/7887/files/F1333106721.jpg?v=1753679735,https://www.outfitters.com.pk/products/f1333-106,Outfitters,Shirts,7/30/2025
Slogan T-shirt,2290.00,https://cdn.shopify.com/s/files/1/2290/7887/files/F0888206001.jpg?v=1753425854,https://www.outfitters.com.pk/products/f0888-206,Outfitters,Shirts,7/30/2025
Embroidered Cutwork Top,4490.00,https://cdn.shopify.com/s/files/1/2290/7887/files/F0590203001_1.jpg?v=1753167990,https://www.outfitters.com.pk/products/f0590-203,Outfitters,Shirts,7/30/2025
Brew Graphic T-shirt,3090.00,https://cdn.shopify.com/s/files/1/2290/7887/files/F0871206901_3.jpg?v=1752728927,https://www.outfitters.com.pk/products/f0871-206,Outfitters,Shirts,7/30/2025
Graphic T-Shirt,2490.00,https://cdn.shopify.com/s/files/1/2290/7887/files/F0889206815_1.jpg?v=1751971892,https://www.outfitters.com.pk/products/f0889-206,Outfitters,Shirts,7/30/2025
Slogan T-Shirt,2890.00,https://cdn.shopify.com/s/files/1/2290/7887/files/F0873206006_2.jpg?v=1751971754,https://www.outfitters.com.pk/products/f0873-206,Outfitters,Shirts,7/30/2025
Textured Knitted T-shirt,4990.00,https://cdn.shopify.com/s/files/1/2290/7887/files/F1159106527_2.jpg?v=1751970651,https://www.outfitters.com.pk/products/f1159-106,Outfitters,Shirts,7/30/2025
Basic Knitted T-shirt,4990.00,https://cdn.shopify.com/s/files/1/2290/7887/files/F1160106002_3.jpg?v=1751970536,https://www.outfitters.com.pk/products/f1160-106,Outfitters,Shirts,7/30/2025
Basic Resort Collar Shirt,3990.00,https://cdn.shopify.com/s/files/1/2290/7887/files/F0795103813_2.jpg?v=1751958606,https://www.outfitters.com.pk/products/f0795-103,Outfitters,Shirts,7/30/2025
Basic Flowy Shirt,4490.00,https://cdn.shopify.com/s/files/1/2290/7887/files/F0510203003_b5f3f256-9df7-4630-afed-d47ac2ef1176.jpg?v=1753417380,https://www.outfitters.com.pk/products/f0510-203,Outfitters,Shirts,7/30/2025
Basic T-Shirt,2490.00,https://cdn.shopify.com/s/files/1/2290/7887/files/F1424106817_2.jpg?v=1751955016,https://www.outfitters.com.pk/products/f1424-106,Outfitters,Shirts,7/30/2025
Embroidered Shirt,5990.00,https://cdn.shopify.com/s/files/1/2290/7887/files/F0587203901.jpg?v=1753424039,https://www.outfitters.com.pk/products/f0587-203,Outfitters,Shirts,7/30/2025
Basic Polo Shirt,2290.00,https://cdn.shopify.com/s/files/1/2290/7887/files/F0850206509.jpg?v=1753425171,https://www.outfitters.com.pk/products/f0850-206,Outfitters,Shirts,7/30/2025
Slogan T-shirt,2890.00,https://cdn.shopify.com/s/files/1/2290/7887/files/F1365106227.jpg?v=1753680506,https://www.outfitters.com.pk/products/f1365-106,Outfitters,Shirts,7/30/2025
Graphic T-shirt,2490.00,https://cdn.shopify.com/s/files/1/2290/7887/files/F1366106001.jpg?v=1753680647,https://www.outfitters.com.pk/products/f1366-106,Outfitters,Shirts,7/30/2025
Raglan Slogan T-Shirt,2890.00,https://cdn.shopify.com/s/files/1/2290/7887/files/F1417106619.jpg?v=1753681604,https://www.outfitters.com.pk/products/f1417-106,Outfitters,Shirts,7/30/2025
Graphic T-shirt,2890.00,https://cdn.shopify.com/s/files/1/2290/7887/files/F1349106116.jpg?v=1753680055,https://www.outfitters.com.pk/products/f1349-106,Outfitters,Shirts,7/30/2025
Striped T-Shirt,2890.00,https://cdn.shopify.com/s/files/1/2290/7887/files/F1423106618_2_5fb27645-1411-44f3-b579-2a4c5f96a2f6.jpg?v=1752746393,https://www.outfitters.com.pk/products/f1423-106,Outfitters,Shirts,7/30/2025
Slogan Polo Shirt,4490.00,https://cdn.shopify.com/s/files/1/2290/7887/files/F1589106618_1_7393c256-4d41-4865-9164-1b2739079e08.jpg?v=1752748075,https://www.outfitters.com.pk/products/f1589-106,Outfitters,Shirts,7/30/2025
Graphic T-shirt,2890.00,https://cdn.shopify.com/s/files/1/2290/7887/files/F1368106112_3_e833dba9-defa-4bc9-9fa9-3089c44ab619.jpg?v=1752737096,https://www.outfitters.com.pk/products/f1368-106,Outfitters,Shirts,7/30/2025
Graphic T-shirt,2890.00,https://cdn.shopify.com/s/files/1/2290/7887/files/F1347106121_3_f889c876-43cc-465f-94fd-209bfe5d3473.jpg?v=1752736846,https://www.outfitters.com.pk/products/f1347-106,Outfitters,Shirts,7/30/2025
Graphic T-shirt,2890.00,https://cdn.shopify.com/s/files/1/2290/7887/files/F1380106619_4_f6962605-d107-4c3d-8936-2083704097f7.jpg?v=1752745227,https://www.outfitters.com.pk/products/f1380-106,Outfitters,Shirts,7/30/2025
Pleated Blouse With Knot,2890.00,https://cdn.shopify.com/s/files/1/2290/7887/files/F0212403630_2_copy-Copy.jpg?v=1751866186,https://www.outfitters.com.pk/products/f0212-403,Outfitters,Shirts,7/30/2025
Graphic T-shirt,2890.00,https://cdn.shopify.com/s/files/1/2290/7887/files/F1350106305_3_copy.jpg?v=1751866113,https://www.outfitters.com.pk/products/f1350-106,Outfitters,Shirts,7/30/2025
Graphic T-Shirt,2890.00,https://cdn.shopify.com/s/files/1/2290/7887/files/F1369106205_2_copy.jpg?v=1751865955,https://www.outfitters.com.pk/products/f1369-106,Outfitters,Shirts,7/30/2025
Color Block Raglan T-Shirt,1890.00,https://cdn.shopify.com/s/files/1/2290/7887/files/F0953506301_2_-Copy.jpg?v=1751865663,https://www.outfitters.com.pk/products/f0953-506,Outfitters,Shirts,7/30/2025
Graphic T-shirt,2490.00,https://cdn.shopify.com/s/files/1/2290/7887/files/F1367106901_1.jpg?v=1751865462,https://www.outfitters.com.pk/products/f1367-106,Outfitters,Shirts,7/30/2025
Slogan T-Shirt,1290.00,https://cdn.shopify.com/s/files/1/2290/7887/files/F0714306301_3_3eec4abc-e889-4a70-82ff-4231151fe3ca.jpg?v=1751865377,https://www.outfitters.com.pk/products/f0714-306,Outfitters,Shirts,7/30/2025
Slogan T-shirt,2490.00,https://cdn.shopify.com/s/files/1/2290/7887/files/F1394106618_1.jpg?v=1751864715,https://www.outfitters.com.pk/products/f1394-106,Outfitters,Shirts,7/30/2025
Basic Textured T-Shirt,3090.00,https://cdn.shopify.com/s/files/1/2290/7887/files/F1418106003_2.jpg?v=1751864388,https://www.outfitters.com.pk/products/f1418-106,Outfitters,Shirts,7/30/2025
Slogan T-Shirt,1890.00,https://cdn.shopify.com/s/files/1/2290/7887/files/F0980506619_2_c594b21b-54f3-4432-8575-f42dc981f78f.jpg?v=1751863146,https://www.outfitters.com.pk/products/f0980-506,Outfitters,Shirts,7/30/2025
Butterfly Graphic T-Shirt,1490.00,https://cdn.shopify.com/s/files/1/2290/7887/files/F0519406002_4.jpg?v=1751862182,https://www.outfitters.com.pk/products/f0519-406,Outfitters,Shirts,7/30/2025
Self Textured Shirt,2490.00,https://cdn.shopify.com/s/files/1/2290/7887/files/F0398303001_3_copy.jpg?v=1751823797,https://www.outfitters.com.pk/products/f0398-303,Outfitters,Shirts,7/30/2025
Printed Blouse,2890.00,https://cdn.shopify.com/s/files/1/2290/7887/files/F0381603998_2_copy.jpg?v=1751822795,https://www.outfitters.com.pk/products/f0381-603,Outfitters,Shirts,7/30/2025
Embroidered Blouse,3290.00,https://cdn.shopify.com/s/files/1/2290/7887/files/F0369603003_2_copy.jpg?v=1751822413,https://www.outfitters.com.pk/products/f0369-603,Outfitters,Shirts,7/30/2025
Sleeveless Blouse With Pleats Detail,2890.00,https://cdn.shopify.com/s/files/1/2290/7887/files/F0367603423_2_copy.jpg?v=1751821930,https://www.outfitters.com.pk/products/f0367-603,Outfitters,Shirts,7/30/2025
Embroidered Shirt,5990.00,https://cdn.shopify.com/s/files/1/2290/7887/files/F0589203326_1.jpg?v=1752666912,https://www.outfitters.com.pk/products/f0589-203,Outfitters,Shirts,7/30/2025
Striped Blouse,2890.00,https://cdn.shopify.com/s/files/1/2290/7887/files/F0357603002_3_copy.jpg?v=1751621578,https://www.outfitters.com.pk/products/f0357-603,Outfitters,Shirts,7/30/2025
Graphic T-Shirt,1490.00,https://cdn.shopify.com/s/files/1/2290/7887/files/F0458406814_2.jpg?v=1751613418,https://www.outfitters.com.pk/products/f0458-406,Outfitters,Shirts,7/30/2025
Textured Resort Collar Shirt,2490.00,https://cdn.shopify.com/s/files/1/2290/7887/files/F0359303002_4.jpg?v=1751612064,https://www.outfitters.com.pk/products/f0359-303,Outfitters,Shirts,7/30/2025
Printed T-Shirt,1690.00,https://cdn.shopify.com/s/files/1/2290/7887/files/F0730606001_3_748eca47-9b13-4eb5-82e2-1f1b2ed0f6ad.jpg?v=1751609547,https://www.outfitters.com.pk/products/f0730-606,Outfitters,Shirts,7/30/2025
Printed Shirt,3490.00,https://cdn.shopify.com/s/files/1/2290/7887/files/F0427503103_2.jpg?v=1751608807,https://www.outfitters.com.pk/products/f0427-503,Outfitters,Shirts,7/30/2025
Embroidered Slogan T-Shirt,1490.00,https://cdn.shopify.com/s/files/1/2290/7887/files/F0512406515_3.jpg?v=1751606413,https://www.outfitters.com.pk/products/f0512-406,Outfitters,Shirts,7/30/2025
Embroidered Shirt,4990.00,https://cdn.shopify.com/s/files/1/2290/7887/files/F0808103901_3_4f3ea00f-5f89-4942-88fc-fbabd2b5abe1.jpg?v=1752668471,https://www.outfitters.com.pk/products/f0808-103,Outfitters,Shirts,7/30/2025
Basic Scoop Neck T-Shirt,1690.00,https://cdn.shopify.com/s/files/1/2290/7887/files/F0853206817_4_7955225c-efcd-4eee-a338-80998f030d59.jpg?v=1752753483,https://www.outfitters.com.pk/products/f0853-206,Outfitters,Shirts,7/30/2025
Activewear T-shirt,2890.00,https://cdn.shopify.com/s/files/1/2290/7887/files/F0168125706_eef48f80-31fd-445d-ab70-4564a6b7104c.jpg?v=1753333125,https://www.outfitters.com.pk/products/f0168-125,Outfitters,Shirts,7/30/2025
Basic Shirt,3690.00,https://cdn.shopify.com/s/files/1/2290/7887/files/F0921103001_3_f3977a34-994a-43e0-abbf-9ee62f9c54d4.jpg?v=1752731525,https://www.outfitters.com.pk/products/f0921-103,Outfitters,Shirts,7/30/2025
Checkered Shirt,4490.00,https://cdn.shopify.com/s/files/1/2290/7887/files/F0908103007_2_f488021b-fe5b-432d-a5d5-d82ace99f7d6.jpg?v=1752730687,https://www.outfitters.com.pk/products/f0908-103,Outfitters,Shirts,7/30/2025
Striped T-Shirt,2290.00,https://cdn.shopify.com/s/files/1/2290/7887/files/F0859206998_4_37fce757-9a5e-42f2-bedb-d2d0ca75a490.jpg?v=1752727200,https://www.outfitters.com.pk/products/f0859-206,Outfitters,Shirts,7/30/2025
Striped T-Shirt,2690.00,https://cdn.shopify.com/s/files/1/2290/7887/files/F1060206998_3.jpg?v=1752734094,https://www.outfitters.com.pk/products/f1060-206,Outfitters,Shirts,7/30/2025
Striped Cropped Shirt,3690.00,https://cdn.shopify.com/s/files/1/2290/7887/files/F0428203998_3_0090ea4f-1093-4895-bcfe-05dd866bb1fb.jpg?v=1752661817,https://www.outfitters.com.pk/products/f0428-203,Outfitters,Shirts,7/30/2025
Textured Raglan T-Shirt,3090.00,https://cdn.shopify.com/s/files/1/2290/7887/files/F1413106117_3_15f719c1-9482-4e6d-95ab-80ad4434c8c8.jpg?v=1751545185,https://www.outfitters.com.pk/products/f1413-106,Outfitters,Shirts,7/30/2025
Slogan T-shirt,3090.00,https://cdn.shopify.com/s/files/1/2290/7887/files/F1443106802_3_copy.jpg?v=1751537373,https://www.outfitters.com.pk/products/f1443-106,Outfitters,Shirts,7/30/2025
Graphic T-Shirt,1890.00,https://cdn.shopify.com/s/files/1/2290/7887/files/F0977506301_3.jpg?v=1751436327,https://www.outfitters.com.pk/products/f0977-506,Outfitters,Shirts,7/30/2025
Basic Raglan Sleeves T-Shirt,1690.00,https://cdn.shopify.com/s/files/1/2290/7887/files/F0728606327_3.jpg?v=1751433573,https://www.outfitters.com.pk/products/f0728-606,Outfitters,Shirts,7/30/2025
Graphic T-shirt,1490.00,https://cdn.shopify.com/s/files/1/2290/7887/files/F0726306619_2.jpg?v=1751433169,https://www.outfitters.com.pk/products/f0726-306,Outfitters,Shirts,7/30/2025
Graphic T-Shirt,1490.00,https://cdn.shopify.com/s/files/1/2290/7887/files/F0725306718_3.jpg?v=1751432506,https://www.outfitters.com.pk/products/f0725-306,Outfitters,Shirts,7/30/2025
Graphic Cropped T-Shirt,1890.00,https://cdn.shopify.com/s/files/1/2290/7887/files/F0721606901_2.jpg?v=1751431775,https://www.outfitters.com.pk/products/f0721-606,Outfitters,Shirts,7/30/2025
Ribbed T-Shirt With Ruffles,1690.00,https://cdn.shopify.com/s/files/1/2290/7887/files/F0514406308_2.jpg?v=1751368213,https://www.outfitters.com.pk/products/f0514-406,Outfitters,Shirts,7/30/2025
Striped Poplin Shirt,3990.00,https://cdn.shopify.com/s/files/1/2290/7887/files/F0579203624_4bf514b8-3776-4f98-bbca-0316cf0c76a5.jpg?v=1751449410,https://www.outfitters.com.pk/products/f0579-203,Outfitters,Shirts,7/30/2025
Slogan T-Shirt,1890.00,https://cdn.shopify.com/s/files/1/2290/7887/files/F0725606127_2.jpg?v=1751281353,https://www.outfitters.com.pk/products/f0725-606,Outfitters,Shirts,7/30/2025
Graphic T-Shirt,1890.00,https://cdn.shopify.com/s/files/1/2290/7887/files/F0720606634_3.jpg?v=1751281096,https://www.outfitters.com.pk/products/f0720-606,Outfitters,Shirts,7/30/2025
Graphic T-Shirt,1890.00,https://cdn.shopify.com/s/files/1/2290/7887/files/F0702606515_3.jpg?v=1751280832,https://www.outfitters.com.pk/products/f0702-606,Outfitters,Shirts,7/30/2025
Embroidered Tie Front Blouse,4490.00,https://cdn.shopify.com/s/files/1/2290/7887/files/F0476203636_1.jpg?v=1751280394,https://www.outfitters.com.pk/products/f0476-203,Outfitters,Shirts,7/30/2025
Basic Super Cropped Shirt,3990.00,https://cdn.shopify.com/s/files/1/2290/7887/files/F0578203001_1.jpg?v=1739860801,https://www.outfitters.com.pk/products/f0578-203,Outfitters,Shirts,7/30/2025
Graphic T-Shirt,1690.00,https://cdn.shopify.com/s/files/1/2290/7887/files/F0682606006_2_copy.jpg?v=1751026160,https://www.outfitters.com.pk/products/f0682-606,Outfitters,Shirts,7/30/2025
Super Cropped Basic T-Shirt,2490.00,https://cdn.shopify.com/s/files/1/2290/7887/files/F1058206901_2_69c7ba3d-a890-44c6-b94c-3b71b96fa281.jpg?v=1752733929,https://www.outfitters.com.pk/products/f1058-206,Outfitters,Shirts,7/30/2025
Striped T-Shirt,2090.00,https://cdn.shopify.com/s/files/1/2290/7887/files/F0869206998_1.jpg?v=1752728788,https://www.outfitters.com.pk/products/f0869-206,Outfitters,Shirts,7/30/2025
Cropped T-shirt with Crochet Pocket,2890.00,https://cdn.shopify.com/s/files/1/2290/7887/files/F0872206001_3_ec32b104-f43d-4c26-a88d-d22e3425bea8.jpg?v=1752729066,https://www.outfitters.com.pk/products/f0872-206,Outfitters,Shirts,7/30/2025
Embroidered T-Shirt,3090.00,https://cdn.shopify.com/s/files/1/2290/7887/files/F0898206814_3.jpg?v=1752730470,https://www.outfitters.com.pk/products/f0898-206,Outfitters,Shirts,7/30/2025
Slogan T-Shirt,2890.00,https://cdn.shopify.com/s/files/1/2290/7887/files/F1415106619_3_41702d84-6fee-4778-b9b5-16003cea71ac.jpg?v=1752746102,https://www.outfitters.com.pk/products/f1415-106,Outfitters,Shirts,7/30/2025
Embroidered Polo Shirt,4490.00,https://cdn.shopify.com/s/files/1/2290/7887/files/F1310106703_1_37ebe81c-70b5-4a60-8783-2c376ada13ca.jpg?v=1752749853,https://www.outfitters.com.pk/products/f1310-106,Outfitters,Shirts,7/30/2025
Cropped Slogan T-Shirt,2290.00,https://cdn.shopify.com/s/files/1/2290/7887/files/F0852206412_2.jpg?v=1752726333,https://www.outfitters.com.pk/products/f0852-206,Outfitters,Shirts,7/30/2025
Striped Shirt,3490.00,https://cdn.shopify.com/s/files/1/2290/7887/files/F0431503902_3.jpg?v=1751024713,https://www.outfitters.com.pk/products/f0431-503,Outfitters,Shirts,7/30/2025
Graphic T-shirt,2890.00,https://cdn.shopify.com/s/files/1/2290/7887/files/F1441106901_3_91237d3b-ccc2-40a3-bac4-c20e745e3add.jpg?v=1752746562,https://www.outfitters.com.pk/products/f1441-106,Outfitters,Shirts,7/30/2025
Graphic T-shirt,2890.00,https://cdn.shopify.com/s/files/1/2290/7887/files/F1390106901_3.jpg?v=1751023704,https://www.outfitters.com.pk/products/f1390-106,Outfitters,Shirts,7/30/2025
Textured T-Shirt,1890.00,https://cdn.shopify.com/s/files/1/2290/7887/files/F0934506111_2.jpg?v=1751023028,https://www.outfitters.com.pk/products/f0934-506,Outfitters,Shirts,7/30/2025
Striped Shirt,2890.00,https://cdn.shopify.com/s/files/1/2290/7887/files/F0387303902_2.jpg?v=1751022788,https://www.outfitters.com.pk/products/f0387-303,Outfitters,Shirts,7/30/2025
Striped Cropped T-Shirt,2090.00,https://cdn.shopify.com/s/files/1/2290/7887/files/F0860206999_3_cf641544-008d-4670-ab59-86a6119ba744.jpg?v=1752727340,https://www.outfitters.com.pk/products/f0860-206,Outfitters,Shirts,7/30/2025
Slogan T-shirt,1890.00,https://cdn.shopify.com/s/files/1/2290/7887/files/F0685606716_3.jpg?v=1751021758,https://www.outfitters.com.pk/products/f0685-606,Outfitters,Shirts,7/30/2025
Embellished T-shirt,1890.00,https://cdn.shopify.com/s/files/1/2290/7887/files/F0513406315_2_e963d550-1d53-4770-a61b-b95346eff22a.jpg?v=1751019852,https://www.outfitters.com.pk/products/f0513-406,Outfitters,Shirts,7/30/2025
Floral Graphic T-Shirt,1890.00,https://cdn.shopify.com/s/files/1/2290/7887/files/F0782606901_3.jpg?v=1750919558,https://www.outfitters.com.pk/products/f0782-606,Outfitters,Shirts,7/30/2025
Striped Shirt,2890.00,https://cdn.shopify.com/s/files/1/2290/7887/files/F0457503619_2_copy.jpg?v=1750920197,https://www.outfitters.com.pk/products/f0457-503,Outfitters,Shirts,7/30/2025
Striped Shirt,3090.00,https://cdn.shopify.com/s/files/1/2290/7887/files/F0437503808_3_copy.jpg?v=1750919934,https://www.outfitters.com.pk/products/f0437-503,Outfitters,Shirts,7/30/2025
Vintage Washed Graphic T-shirt,2490.00,https://cdn.shopify.com/s/files/1/2290/7887/files/F1327106711_4_fa387773-c816-4cf7-91fe-4e8c0a0e3b67.jpg?v=1752736671,https://www.outfitters.com.pk/products/f1327-106,Outfitters,Shirts,7/30/2025
Basic Textured Shirt,2890.00,https://cdn.shopify.com/s/files/1/2290/7887/files/F0397303621_3.jpg?v=1750834835,https://www.outfitters.com.pk/products/f0397-303,Outfitters,Shirts,7/30/2025